,index,Home,Away,Game_Id,Date,Link
0,0,T.B,NSH,20001,2023-10-10,"<a href=""/game/20001"">View Game</a>"
1,1,PIT,CHI,20002,2023-10-10,"<a href=""/game/20002"">View Game</a>"
2,2,VGK,SEA,20003,2023-10-10,"<a href=""/game/20003"">View Game</a>"
3,3,CAR,OTT,20004,2023-10-11,"<a href=""/game/20004"">View Game</a>"
4,4,TOR,MTL,20005,2023-10-11,"<a href=""/game/20005"">View Game</a>"
5,5,BOS,CHI,20006,2023-10-11,"<a href=""/game/20006"">View Game</a>"
6,6,L.A,COL,20008,2023-10-11,"<a href=""/game/20008"">View Game</a>"
7,7,VAN,EDM,20009,2023-10-11,"<a href=""/game/20009"">View Game</a>"
8,8,CGY,WPG,20007,2023-10-11,"<a href=""/game/20007"">View Game</a>"
9,9,BUF,NYR,20010,2023-10-12,"<a href=""/game/20010"">View Game</a>"
10,10,CBJ,PHI,20011,2023-10-12,"<a href=""/game/20011"">View Game</a>"
11,11,N.J,DET,20012,2023-10-12,"<a href=""/game/20012"">View Game</a>"
12,12,DAL,STL,20013,2023-10-12,"<a href=""/game/20013"">View Game</a>"
13,13,MIN,FLA,20014,2023-10-12,"<a href=""/game/20014"">View Game</a>"
14,14,NSH,SEA,20015,2023-10-12,"<a href=""/game/20015"">View Game</a>"
15,15,S.J,VGK,20016,2023-10-12,"<a href=""/game/20016"">View Game</a>"
16,16,N.J,ARI,20017,2023-10-13,"<a href=""/game/20017"">View Game</a>"
17,17,WSH,PIT,20018,2023-10-13,"<a href=""/game/20018"">View Game</a>"
18,18,OTT,PHI,20019,2023-10-14,"<a href=""/game/20019"">View Game</a>"
19,19,WPG,FLA,20020,2023-10-14,"<a href=""/game/20020"">View Game</a>"
20,20,BOS,NSH,20021,2023-10-14,"<a href=""/game/20021"">View Game</a>"
21,21,CBJ,NYR,20022,2023-10-14,"<a href=""/game/20022"">View Game</a>"
22,22,DET,T.B,20023,2023-10-14,"<a href=""/game/20023"">View Game</a>"
23,23,MTL,CHI,20024,2023-10-14,"<a href=""/game/20024"">View Game</a>"
24,24,PIT,CGY,20025,2023-10-14,"<a href=""/game/20025"">View Game</a>"
25,25,TOR,MIN,20026,2023-10-14,"<a href=""/game/20026"">View Game</a>"
26,26,NYI,BUF,20027,2023-10-14,"<a href=""/game/20027"">View Game</a>"
27,27,STL,SEA,20028,2023-10-14,"<a href=""/game/20028"">View Game</a>"
28,28,S.J,COL,20030,2023-10-14,"<a href=""/game/20030"">View Game</a>"
29,29,VGK,ANA,20031,2023-10-14,"<a href=""/game/20031"">View Game</a>"
30,30,EDM,VAN,20029,2023-10-14,"<a href=""/game/20029"">View Game</a>"
31,31,L.A,CAR,20032,2023-10-14,"<a href=""/game/20032"">View Game</a>"
32,32,OTT,T.B,20033,2023-10-15,"<a href=""/game/20033"">View Game</a>"
33,33,ANA,CAR,20034,2023-10-15,"<a href=""/game/20034"">View Game</a>"
34,34,CBJ,DET,20035,2023-10-16,"<a href=""/game/20035"">View Game</a>"
35,35,N.J,FLA,20036,2023-10-16,"<a href=""/game/20036"">View Game</a>"
36,36,NYR,ARI,20037,2023-10-16,"<a href=""/game/20037"">View Game</a>"
37,37,TOR,CHI,20038,2023-10-16,"<a href=""/game/20038"">View Game</a>"
38,38,WSH,CGY,20039,2023-10-16,"<a href=""/game/20039"">View Game</a>"
39,39,PHI,VAN,20042,2023-10-17,"<a href=""/game/20042"">View Game</a>"
40,40,MTL,MIN,20041,2023-10-17,"<a href=""/game/20041"">View Game</a>"
41,41,BUF,T.B,20040,2023-10-17,"<a href=""/game/20040"">View Game</a>"
42,42,NYI,ARI,20043,2023-10-17,"<a href=""/game/20043"">View Game</a>"
43,43,NSH,EDM,20044,2023-10-17,"<a href=""/game/20044"">View Game</a>"
44,44,WPG,L.A,20045,2023-10-17,"<a href=""/game/20045"">View Game</a>"
45,45,SEA,COL,20046,2023-10-17,"<a href=""/game/20046"">View Game</a>"
46,46,S.J,CAR,20047,2023-10-17,"<a href=""/game/20047"">View Game</a>"
47,47,VGK,DAL,20048,2023-10-17,"<a href=""/game/20048"">View Game</a>"
48,48,OTT,WSH,20049,2023-10-18,"<a href=""/game/20049"">View Game</a>"
49,49,DET,PIT,20050,2023-10-18,"<a href=""/game/20050"">View Game</a>"
50,50,BUF,CGY,20051,2023-10-19,"<a href=""/game/20051"">View Game</a>"
51,51,FLA,TOR,20052,2023-10-19,"<a href=""/game/20052"">View Game</a>"
52,52,NYR,NSH,20053,2023-10-19,"<a href=""/game/20053"">View Game</a>"
53,53,T.B,VAN,20055,2023-10-19,"<a href=""/game/20055"">View Game</a>"
54,54,PHI,EDM,20054,2023-10-19,"<a href=""/game/20054"">View Game</a>"
55,55,MIN,L.A,20056,2023-10-19,"<a href=""/game/20056"">View Game</a>"
56,56,STL,ARI,20057,2023-10-19,"<a href=""/game/20057"">View Game</a>"
57,57,WPG,VGK,20058,2023-10-19,"<a href=""/game/20058"">View Game</a>"
58,58,ANA,DAL,20059,2023-10-19,"<a href=""/game/20059"">View Game</a>"
59,59,SEA,CAR,20060,2023-10-19,"<a href=""/game/20060"">View Game</a>"
60,60,S.J,BOS,20062,2023-10-19,"<a href=""/game/20062"">View Game</a>"
61,61,COL,CHI,20061,2023-10-19,"<a href=""/game/20061"">View Game</a>"
62,62,CBJ,CGY,20063,2023-10-20,"<a href=""/game/20063"">View Game</a>"
63,63,NYI,N.J,20064,2023-10-20,"<a href=""/game/20064"">View Game</a>"
64,64,OTT,DET,20065,2023-10-21,"<a href=""/game/20065"">View Game</a>"
65,65,ARI,ANA,20066,2023-10-21,"<a href=""/game/20066"">View Game</a>"
66,66,BUF,NYI,20067,2023-10-21,"<a href=""/game/20067"">View Game</a>"
67,67,FLA,VAN,20068,2023-10-21,"<a href=""/game/20068"">View Game</a>"
68,68,MTL,WSH,20069,2023-10-21,"<a href=""/game/20069"">View Game</a>"
69,69,T.B,TOR,20070,2023-10-21,"<a href=""/game/20070"">View Game</a>"
70,70,CHI,VGK,20071,2023-10-21,"<a href=""/game/20071"">View Game</a>"
71,71,DAL,PHI,20072,2023-10-21,"<a href=""/game/20072"">View Game</a>"
72,72,MIN,CBJ,20073,2023-10-21,"<a href=""/game/20073"">View Game</a>"
73,73,NSH,S.J,20074,2023-10-21,"<a href=""/game/20074"">View Game</a>"
74,74,STL,PIT,20075,2023-10-21,"<a href=""/game/20075"">View Game</a>"
75,75,COL,CAR,20076,2023-10-21,"<a href=""/game/20076"">View Game</a>"
76,76,SEA,NYR,20078,2023-10-21,"<a href=""/game/20078"">View Game</a>"
77,77,EDM,WPG,20077,2023-10-21,"<a href=""/game/20077"">View Game</a>"
78,78,L.A,BOS,20079,2023-10-21,"<a href=""/game/20079"">View Game</a>"
79,79,DET,CGY,20080,2023-10-22,"<a href=""/game/20080"">View Game</a>"
80,80,ANA,BOS,20081,2023-10-22,"<a href=""/game/20081"">View Game</a>"
81,81,BUF,MTL,20082,2023-10-23,"<a href=""/game/20082"">View Game</a>"
82,82,WSH,TOR,20083,2023-10-24,"<a href=""/game/20083"">View Game</a>"
83,83,OTT,BUF,20085,2023-10-24,"<a href=""/game/20085"">View Game</a>"
84,84,T.B,CAR,20086,2023-10-24,"<a href=""/game/20086"">View Game</a>"
85,85,MTL,N.J,20087,2023-10-24,"<a href=""/game/20087"">View Game</a>"
86,86,PIT,DAL,20088,2023-10-24,"<a href=""/game/20088"">View Game</a>"
87,87,FLA,S.J,20089,2023-10-24,"<a href=""/game/20089"">View Game</a>"
88,88,NYI,COL,20090,2023-10-24,"<a href=""/game/20090"">View Game</a>"
89,89,DET,SEA,20091,2023-10-24,"<a href=""/game/20091"">View Game</a>"
90,90,CHI,BOS,20092,2023-10-24,"<a href=""/game/20092"">View Game</a>"
91,91,CBJ,ANA,20084,2023-10-24,"<a href=""/game/20084"">View Game</a>"
92,92,WPG,STL,20093,2023-10-24,"<a href=""/game/20093"">View Game</a>"
93,93,MIN,EDM,20094,2023-10-24,"<a href=""/game/20094"">View Game</a>"
94,94,NSH,VAN,20095,2023-10-24,"<a href=""/game/20095"">View Game</a>"
95,95,CGY,NYR,20096,2023-10-24,"<a href=""/game/20096"">View Game</a>"
96,96,L.A,ARI,20097,2023-10-24,"<a href=""/game/20097"">View Game</a>"
97,97,VGK,PHI,20098,2023-10-24,"<a href=""/game/20098"">View Game</a>"
98,98,N.J,WSH,20099,2023-10-25,"<a href=""/game/20099"">View Game</a>"
99,99,BOS,ANA,20100,2023-10-26,"<a href=""/game/20100"">View Game</a>"
100,100,CAR,SEA,20101,2023-10-26,"<a href=""/game/20101"">View Game</a>"
101,101,DET,WPG,20102,2023-10-26,"<a href=""/game/20102"">View Game</a>"
102,102,MTL,CBJ,20103,2023-10-26,"<a href=""/game/20103"">View Game</a>"
103,103,PIT,COL,20105,2023-10-26,"<a href=""/game/20105"">View Game</a>"
104,104,T.B,S.J,20106,2023-10-26,"<a href=""/game/20106"">View Game</a>"
105,105,PHI,MIN,20104,2023-10-26,"<a href=""/game/20104"">View Game</a>"
106,106,NYI,OTT,20107,2023-10-26,"<a href=""/game/20107"">View Game</a>"
107,107,DAL,TOR,20108,2023-10-26,"<a href=""/game/20108"">View Game</a>"
108,108,CGY,STL,20109,2023-10-26,"<a href=""/game/20109"">View Game</a>"
109,109,EDM,NYR,20110,2023-10-26,"<a href=""/game/20110"">View Game</a>"
110,110,VGK,CHI,20111,2023-10-27,"<a href=""/game/20111"">View Game</a>"
111,111,CAR,S.J,20112,2023-10-27,"<a href=""/game/20112"">View Game</a>"
112,112,N.J,BUF,20113,2023-10-27,"<a href=""/game/20113"">View Game</a>"
113,113,WSH,MIN,20114,2023-10-27,"<a href=""/game/20114"">View Game</a>"
114,114,ARI,L.A,20115,2023-10-27,"<a href=""/game/20115"">View Game</a>"
115,115,VAN,STL,20116,2023-10-27,"<a href=""/game/20116"">View Game</a>"
116,116,PHI,ANA,20117,2023-10-28,"<a href=""/game/20117"">View Game</a>"
117,117,FLA,SEA,20118,2023-10-28,"<a href=""/game/20118"">View Game</a>"
118,118,NSH,TOR,20122,2023-10-28,"<a href=""/game/20122"">View Game</a>"
119,119,BOS,DET,20119,2023-10-28,"<a href=""/game/20119"">View Game</a>"
120,120,CBJ,NYI,20120,2023-10-28,"<a href=""/game/20120"">View Game</a>"
121,121,MTL,WPG,20121,2023-10-28,"<a href=""/game/20121"">View Game</a>"
122,122,PIT,OTT,20123,2023-10-28,"<a href=""/game/20123"">View Game</a>"
123,123,VAN,NYR,20124,2023-10-28,"<a href=""/game/20124"">View Game</a>"
124,124,L.A,VGK,20125,2023-10-28,"<a href=""/game/20125"">View Game</a>"
125,125,BUF,COL,20126,2023-10-29,"<a href=""/game/20126"">View Game</a>"
126,126,N.J,MIN,20127,2023-10-29,"<a href=""/game/20127"">View Game</a>"
127,127,WSH,S.J,20128,2023-10-29,"<a href=""/game/20128"">View Game</a>"
128,128,EDM,CGY,20129,2023-10-29,"<a href=""/game/20129"">View Game</a>"
129,129,BOS,FLA,20130,2023-10-30,"<a href=""/game/20130"">View Game</a>"
130,130,PHI,CAR,20131,2023-10-30,"<a href=""/game/20131"">View Game</a>"
131,131,PIT,ANA,20132,2023-10-30,"<a href=""/game/20132"">View Game</a>"
132,132,T.B,SEA,20133,2023-10-30,"<a href=""/game/20133"">View Game</a>"
133,133,WPG,NYR,20135,2023-10-30,"<a href=""/game/20135"">View Game</a>"
134,134,NYI,DET,20134,2023-10-30,"<a href=""/game/20134"">View Game</a>"
135,135,DAL,CBJ,20136,2023-10-30,"<a href=""/game/20136"">View Game</a>"
136,136,ARI,CHI,20137,2023-10-30,"<a href=""/game/20137"">View Game</a>"
137,137,VGK,MTL,20138,2023-10-30,"<a href=""/game/20138"">View Game</a>"
138,138,TOR,L.A,20139,2023-10-31,"<a href=""/game/20139"">View Game</a>"
139,139,VAN,NSH,20140,2023-10-31,"<a href=""/game/20140"">View Game</a>"
140,140,PHI,BUF,20141,2023-11-01,"<a href=""/game/20141"">View Game</a>"
141,141,CGY,DAL,20142,2023-11-01,"<a href=""/game/20142"">View Game</a>"
142,142,COL,STL,20143,2023-11-01,"<a href=""/game/20143"">View Game</a>"
143,143,ANA,ARI,20144,2023-11-01,"<a href=""/game/20144"">View Game</a>"
144,144,CBJ,T.B,20146,2023-11-02,"<a href=""/game/20146"">View Game</a>"
145,145,DET,FLA,20147,2023-11-02,"<a href=""/game/20147"">View Game</a>"
146,146,NYR,CAR,20148,2023-11-02,"<a href=""/game/20148"">View Game</a>"
147,147,OTT,L.A,20149,2023-11-02,"<a href=""/game/20149"">View Game</a>"
148,148,WSH,NYI,20150,2023-11-02,"<a href=""/game/20150"">View Game</a>"
149,149,BOS,TOR,20145,2023-11-02,"<a href=""/game/20145"">View Game</a>"
150,150,MIN,N.J,20151,2023-11-02,"<a href=""/game/20151"">View Game</a>"
151,151,EDM,DAL,20152,2023-11-02,"<a href=""/game/20152"">View Game</a>"
152,152,ARI,MTL,20153,2023-11-02,"<a href=""/game/20153"">View Game</a>"
153,153,SEA,NSH,20154,2023-11-02,"<a href=""/game/20154"">View Game</a>"
154,154,VGK,WPG,20155,2023-11-02,"<a href=""/game/20155"">View Game</a>"
155,155,S.J,VAN,20156,2023-11-02,"<a href=""/game/20156"">View Game</a>"
156,156,BUF,PHI,20157,2023-11-03,"<a href=""/game/20157"">View Game</a>"
157,157,STL,N.J,20158,2023-11-03,"<a href=""/game/20158"">View Game</a>"
158,158,EDM,NSH,20159,2023-11-04,"<a href=""/game/20159"">View Game</a>"
159,159,ARI,WPG,20160,2023-11-04,"<a href=""/game/20160"">View Game</a>"
160,160,STL,MTL,20164,2023-11-04,"<a href=""/game/20164"">View Game</a>"
161,161,DET,BOS,20161,2023-11-04,"<a href=""/game/20161"">View Game</a>"
162,162,OTT,T.B,20162,2023-11-04,"<a href=""/game/20162"">View Game</a>"
163,163,TOR,BUF,20165,2023-11-04,"<a href=""/game/20165"">View Game</a>"
164,164,WSH,CBJ,20166,2023-11-04,"<a href=""/game/20166"">View Game</a>"
165,165,PHI,L.A,20163,2023-11-04,"<a href=""/game/20163"">View Game</a>"
166,166,NYI,CAR,20167,2023-11-04,"<a href=""/game/20167"">View Game</a>"
167,167,CHI,FLA,20168,2023-11-04,"<a href=""/game/20168"">View Game</a>"
168,168,MIN,NYR,20169,2023-11-04,"<a href=""/game/20169"">View Game</a>"
169,169,SEA,CGY,20170,2023-11-04,"<a href=""/game/20170"">View Game</a>"
170,170,S.J,PIT,20171,2023-11-04,"<a href=""/game/20171"">View Game</a>"
171,171,VAN,DAL,20172,2023-11-04,"<a href=""/game/20172"">View Game</a>"
172,172,VGK,COL,20173,2023-11-04,"<a href=""/game/20173"">View Game</a>"
173,173,CHI,N.J,20174,2023-11-05,"<a href=""/game/20174"">View Game</a>"
174,174,ANA,VGK,20175,2023-11-05,"<a href=""/game/20175"">View Game</a>"
175,175,FLA,CBJ,20176,2023-11-06,"<a href=""/game/20176"">View Game</a>"
176,176,TOR,T.B,20177,2023-11-06,"<a href=""/game/20177"">View Game</a>"
177,177,DAL,BOS,20178,2023-11-06,"<a href=""/game/20178"">View Game</a>"
178,178,VAN,EDM,20179,2023-11-06,"<a href=""/game/20179"">View Game</a>"
179,179,CAR,BUF,20180,2023-11-07,"<a href=""/game/20180"">View Game</a>"
180,180,MTL,T.B,20181,2023-11-07,"<a href=""/game/20181"">View Game</a>"
181,181,NYI,MIN,20182,2023-11-07,"<a href=""/game/20182"">View Game</a>"
182,182,NYR,DET,20183,2023-11-07,"<a href=""/game/20183"">View Game</a>"
183,183,STL,WPG,20184,2023-11-07,"<a href=""/game/20184"">View Game</a>"
184,184,ARI,SEA,20185,2023-11-07,"<a href=""/game/20185"">View Game</a>"
185,185,CGY,NSH,20186,2023-11-07,"<a href=""/game/20186"">View Game</a>"
186,186,ANA,PIT,20187,2023-11-07,"<a href=""/game/20187"">View Game</a>"
187,187,COL,N.J,20188,2023-11-07,"<a href=""/game/20188"">View Game</a>"
188,188,S.J,PHI,20189,2023-11-07,"<a href=""/game/20189"">View Game</a>"
189,189,TOR,OTT,20190,2023-11-08,"<a href=""/game/20190"">View Game</a>"
190,190,WSH,FLA,20191,2023-11-08,"<a href=""/game/20191"">View Game</a>"
191,191,VGK,L.A,20192,2023-11-08,"<a href=""/game/20192"">View Game</a>"
192,192,BOS,NYI,20193,2023-11-09,"<a href=""/game/20193"">View Game</a>"
193,193,DET,MTL,20195,2023-11-09,"<a href=""/game/20195"">View Game</a>"
194,194,NYR,MIN,20196,2023-11-09,"<a href=""/game/20196"">View Game</a>"
195,195,OTT,VAN,20197,2023-11-09,"<a href=""/game/20197"">View Game</a>"
196,196,T.B,CHI,20198,2023-11-09,"<a href=""/game/20198"">View Game</a>"
197,197,CBJ,DAL,20194,2023-11-09,"<a href=""/game/20194"">View Game</a>"
198,198,STL,ARI,20199,2023-11-09,"<a href=""/game/20199"">View Game</a>"
199,199,WPG,NSH,20200,2023-11-09,"<a href=""/game/20200"">View Game</a>"
200,200,COL,SEA,20201,2023-11-09,"<a href=""/game/20201"">View Game</a>"
201,201,L.A,PIT,20202,2023-11-09,"<a href=""/game/20202"">View Game</a>"
202,202,S.J,EDM,20203,2023-11-09,"<a href=""/game/20203"">View Game</a>"
203,203,BUF,MIN,20204,2023-11-10,"<a href=""/game/20204"">View Game</a>"
204,204,FLA,CAR,20205,2023-11-10,"<a href=""/game/20205"">View Game</a>"
205,205,N.J,WSH,20206,2023-11-10,"<a href=""/game/20206"">View Game</a>"
206,206,TOR,CGY,20207,2023-11-10,"<a href=""/game/20207"">View Game</a>"
207,207,ANA,PHI,20208,2023-11-10,"<a href=""/game/20208"">View Game</a>"
208,208,VGK,S.J,20209,2023-11-10,"<a href=""/game/20209"">View Game</a>"
209,209,DET,CBJ,20210,2023-11-11,"<a href=""/game/20210"">View Game</a>"
210,210,WPG,DAL,20211,2023-11-11,"<a href=""/game/20211"">View Game</a>"
211,211,MTL,BOS,20212,2023-11-11,"<a href=""/game/20212"">View Game</a>"
212,212,OTT,CGY,20213,2023-11-11,"<a href=""/game/20213"">View Game</a>"
213,213,T.B,CAR,20214,2023-11-11,"<a href=""/game/20214"">View Game</a>"
214,214,TOR,VAN,20215,2023-11-11,"<a href=""/game/20215"">View Game</a>"
215,215,NYI,WSH,20216,2023-11-11,"<a href=""/game/20216"">View Game</a>"
216,216,PIT,BUF,20217,2023-11-11,"<a href=""/game/20217"">View Game</a>"
217,217,NSH,ARI,20218,2023-11-11,"<a href=""/game/20218"">View Game</a>"
218,218,COL,STL,20219,2023-11-11,"<a href=""/game/20219"">View Game</a>"
219,219,SEA,EDM,20220,2023-11-11,"<a href=""/game/20220"">View Game</a>"
220,220,L.A,PHI,20221,2023-11-11,"<a href=""/game/20221"">View Game</a>"
221,221,FLA,CHI,20222,2023-11-12,"<a href=""/game/20222"">View Game</a>"
222,222,MIN,DAL,20223,2023-11-12,"<a href=""/game/20223"">View Game</a>"
223,223,MTL,VAN,20224,2023-11-12,"<a href=""/game/20224"">View Game</a>"
224,224,NYR,CBJ,20225,2023-11-12,"<a href=""/game/20225"">View Game</a>"
225,225,ANA,S.J,20226,2023-11-12,"<a href=""/game/20226"">View Game</a>"
226,226,EDM,NYI,20227,2023-11-13,"<a href=""/game/20227"">View Game</a>"
227,227,SEA,COL,20228,2023-11-13,"<a href=""/game/20228"">View Game</a>"
228,228,BUF,BOS,20229,2023-11-14,"<a href=""/game/20229"">View Game</a>"
229,229,CBJ,PIT,20230,2023-11-14,"<a href=""/game/20230"">View Game</a>"
230,230,MTL,CGY,20231,2023-11-14,"<a href=""/game/20231"">View Game</a>"
231,231,WSH,VGK,20232,2023-11-14,"<a href=""/game/20232"">View Game</a>"
232,232,DAL,ARI,20233,2023-11-14,"<a href=""/game/20233"">View Game</a>"
233,233,NSH,ANA,20234,2023-11-14,"<a href=""/game/20234"">View Game</a>"
234,234,STL,T.B,20235,2023-11-14,"<a href=""/game/20235"">View Game</a>"
235,235,WPG,N.J,20236,2023-11-14,"<a href=""/game/20236"">View Game</a>"
236,236,S.J,FLA,20237,2023-11-14,"<a href=""/game/20237"">View Game</a>"
237,237,CAR,PHI,20238,2023-11-15,"<a href=""/game/20238"">View Game</a>"
238,238,EDM,SEA,20239,2023-11-15,"<a href=""/game/20239"">View Game</a>"
239,239,COL,ANA,20240,2023-11-15,"<a href=""/game/20240"">View Game</a>"
240,240,VAN,NYI,20241,2023-11-15,"<a href=""/game/20241"">View Game</a>"
241,241,OTT,DET,20242,2023-11-16,"<a href=""/game/20242"">View Game</a>"
242,242,CBJ,ARI,20243,2023-11-16,"<a href=""/game/20243"">View Game</a>"
243,243,MTL,VGK,20244,2023-11-16,"<a href=""/game/20244"">View Game</a>"
244,244,PIT,N.J,20245,2023-11-16,"<a href=""/game/20245"">View Game</a>"
245,245,CHI,T.B,20246,2023-11-16,"<a href=""/game/20246"">View Game</a>"
246,246,CGY,VAN,20247,2023-11-16,"<a href=""/game/20247"">View Game</a>"
247,247,SEA,NYI,20248,2023-11-16,"<a href=""/game/20248"">View Game</a>"
248,248,L.A,FLA,20249,2023-11-16,"<a href=""/game/20249"">View Game</a>"
249,249,S.J,STL,20250,2023-11-16,"<a href=""/game/20250"">View Game</a>"
250,250,DET,TOR,20251,2023-11-17,"<a href=""/game/20251"">View Game</a>"
251,251,WPG,BUF,20252,2023-11-17,"<a href=""/game/20252"">View Game</a>"
252,252,ANA,FLA,20253,2023-11-17,"<a href=""/game/20253"">View Game</a>"
253,253,OTT,MIN,20254,2023-11-18,"<a href=""/game/20254"">View Game</a>"
254,254,PHI,VGK,20255,2023-11-18,"<a href=""/game/20255"">View Game</a>"
255,255,NSH,CHI,20256,2023-11-18,"<a href=""/game/20256"">View Game</a>"
256,256,T.B,EDM,20257,2023-11-18,"<a href=""/game/20257"">View Game</a>"
257,257,BOS,MTL,20258,2023-11-18,"<a href=""/game/20258"">View Game</a>"
258,258,CAR,PIT,20259,2023-11-18,"<a href=""/game/20259"">View Game</a>"
259,259,CGY,NYI,20260,2023-11-18,"<a href=""/game/20260"">View Game</a>"
260,260,N.J,NYR,20261,2023-11-18,"<a href=""/game/20261"">View Game</a>"
261,261,WPG,ARI,20262,2023-11-18,"<a href=""/game/20262"">View Game</a>"
262,262,WSH,CBJ,20263,2023-11-18,"<a href=""/game/20263"">View Game</a>"
263,263,DAL,COL,20264,2023-11-18,"<a href=""/game/20264"">View Game</a>"
264,264,VAN,SEA,20265,2023-11-18,"<a href=""/game/20265"">View Game</a>"
265,265,L.A,STL,20266,2023-11-18,"<a href=""/game/20266"">View Game</a>"
266,266,MIN,TOR,20267,2023-11-19,"<a href=""/game/20267"">View Game</a>"
267,267,PHI,CBJ,20268,2023-11-19,"<a href=""/game/20268"">View Game</a>"
268,268,PIT,VGK,20269,2023-11-19,"<a href=""/game/20269"">View Game</a>"
269,269,CHI,BUF,20270,2023-11-19,"<a href=""/game/20270"">View Game</a>"
270,270,ANA,STL,20271,2023-11-19,"<a href=""/game/20271"">View Game</a>"
271,271,FLA,EDM,20272,2023-11-20,"<a href=""/game/20272"">View Game</a>"
272,272,T.B,BOS,20273,2023-11-20,"<a href=""/game/20273"">View Game</a>"
273,273,DAL,NYR,20274,2023-11-20,"<a href=""/game/20274"">View Game</a>"
274,274,NSH,COL,20275,2023-11-20,"<a href=""/game/20275"">View Game</a>"
275,275,ARI,L.A,20276,2023-11-20,"<a href=""/game/20276"">View Game</a>"
276,276,SEA,CGY,20277,2023-11-20,"<a href=""/game/20277"">View Game</a>"
277,277,VAN,S.J,20278,2023-11-20,"<a href=""/game/20278"">View Game</a>"
278,278,CAR,EDM,20279,2023-11-22,"<a href=""/game/20279"">View Game</a>"
279,279,CBJ,CHI,20280,2023-11-22,"<a href=""/game/20280"">View Game</a>"
280,280,DET,N.J,20281,2023-11-22,"<a href=""/game/20281"">View Game</a>"
281,281,FLA,BOS,20282,2023-11-22,"<a href=""/game/20282"">View Game</a>"
282,282,PIT,NYR,20283,2023-11-22,"<a href=""/game/20283"">View Game</a>"
283,283,T.B,WPG,20284,2023-11-22,"<a href=""/game/20284"">View Game</a>"
284,284,WSH,BUF,20285,2023-11-22,"<a href=""/game/20285"">View Game</a>"
285,285,NYI,PHI,20286,2023-11-22,"<a href=""/game/20286"">View Game</a>"
286,286,ARI,STL,20287,2023-11-22,"<a href=""/game/20287"">View Game</a>"
287,287,NSH,CGY,20288,2023-11-22,"<a href=""/game/20288"">View Game</a>"
288,288,DAL,VGK,20289,2023-11-22,"<a href=""/game/20289"">View Game</a>"
289,289,ANA,MTL,20290,2023-11-22,"<a href=""/game/20290"">View Game</a>"
290,290,COL,VAN,20291,2023-11-22,"<a href=""/game/20291"">View Game</a>"
291,291,SEA,S.J,20292,2023-11-22,"<a href=""/game/20292"">View Game</a>"
292,292,BOS,DET,20293,2023-11-24,"<a href=""/game/20293"">View Game</a>"
293,293,PHI,NYR,20294,2023-11-24,"<a href=""/game/20294"">View Game</a>"
294,294,CHI,TOR,20295,2023-11-24,"<a href=""/game/20295"">View Game</a>"
295,295,N.J,CBJ,20296,2023-11-24,"<a href=""/game/20296"">View Game</a>"
296,296,STL,NSH,20297,2023-11-24,"<a href=""/game/20297"">View Game</a>"
297,297,WSH,EDM,20298,2023-11-24,"<a href=""/game/20298"">View Game</a>"
298,298,ANA,L.A,20299,2023-11-24,"<a href=""/game/20299"">View Game</a>"
299,299,S.J,MTL,20300,2023-11-24,"<a href=""/game/20300"">View Game</a>"
300,300,BUF,PIT,20301,2023-11-24,"<a href=""/game/20301"">View Game</a>"
301,301,OTT,NYI,20302,2023-11-24,"<a href=""/game/20302"">View Game</a>"
302,302,CAR,T.B,20303,2023-11-24,"<a href=""/game/20303"">View Game</a>"
303,303,FLA,WPG,20304,2023-11-24,"<a href=""/game/20304"">View Game</a>"
304,304,DAL,CGY,20305,2023-11-24,"<a href=""/game/20305"">View Game</a>"
305,305,MIN,COL,20306,2023-11-24,"<a href=""/game/20306"">View Game</a>"
306,306,SEA,VAN,20307,2023-11-24,"<a href=""/game/20307"">View Game</a>"
307,307,NYR,BOS,20308,2023-11-25,"<a href=""/game/20308"">View Game</a>"
308,308,L.A,MTL,20309,2023-11-25,"<a href=""/game/20309"">View Game</a>"
309,309,N.J,BUF,20310,2023-11-25,"<a href=""/game/20310"">View Game</a>"
310,310,PIT,TOR,20311,2023-11-25,"<a href=""/game/20311"">View Game</a>"
311,311,NYI,PHI,20312,2023-11-25,"<a href=""/game/20312"">View Game</a>"
312,312,COL,CGY,20313,2023-11-25,"<a href=""/game/20313"">View Game</a>"
313,313,S.J,VAN,20314,2023-11-25,"<a href=""/game/20314"">View Game</a>"
314,314,VGK,ARI,20315,2023-11-25,"<a href=""/game/20315"">View Game</a>"
315,315,DET,MIN,20316,2023-11-26,"<a href=""/game/20316"">View Game</a>"
316,316,CHI,STL,20317,2023-11-26,"<a href=""/game/20317"">View Game</a>"
317,317,CAR,CBJ,20318,2023-11-26,"<a href=""/game/20318"">View Game</a>"
318,318,NSH,WPG,20319,2023-11-26,"<a href=""/game/20319"">View Game</a>"
319,319,EDM,ANA,20320,2023-11-26,"<a href=""/game/20320"">View Game</a>"
320,320,CBJ,BOS,20321,2023-11-27,"<a href=""/game/20321"">View Game</a>"
321,321,NYR,BUF,20322,2023-11-27,"<a href=""/game/20322"">View Game</a>"
322,322,OTT,FLA,20323,2023-11-27,"<a href=""/game/20323"">View Game</a>"
323,323,COL,T.B,20324,2023-11-27,"<a href=""/game/20324"">View Game</a>"
324,324,CGY,VGK,20325,2023-11-27,"<a href=""/game/20325"">View Game</a>"
325,325,S.J,WSH,20326,2023-11-27,"<a href=""/game/20326"">View Game</a>"
326,326,N.J,NYI,20327,2023-11-28,"<a href=""/game/20327"">View Game</a>"
327,327,TOR,FLA,20329,2023-11-28,"<a href=""/game/20329"">View Game</a>"
328,328,PHI,CAR,20328,2023-11-28,"<a href=""/game/20328"">View Game</a>"
329,329,MIN,STL,20330,2023-11-28,"<a href=""/game/20330"">View Game</a>"
330,330,NSH,PIT,20331,2023-11-28,"<a href=""/game/20331"">View Game</a>"
331,331,WPG,DAL,20332,2023-11-28,"<a href=""/game/20332"">View Game</a>"
332,332,CHI,SEA,20333,2023-11-28,"<a href=""/game/20333"">View Game</a>"
333,333,ARI,T.B,20334,2023-11-28,"<a href=""/game/20334"">View Game</a>"
334,334,EDM,VGK,20335,2023-11-28,"<a href=""/game/20335"">View Game</a>"
335,335,VAN,ANA,20336,2023-11-28,"<a href=""/game/20336"">View Game</a>"
336,336,CBJ,MTL,20337,2023-11-29,"<a href=""/game/20337"">View Game</a>"
337,337,NYR,DET,20338,2023-11-29,"<a href=""/game/20338"">View Game</a>"
338,338,L.A,WSH,20339,2023-11-29,"<a href=""/game/20339"">View Game</a>"
339,339,BOS,S.J,20340,2023-11-30,"<a href=""/game/20340"">View Game</a>"
340,340,DET,CHI,20342,2023-11-30,"<a href=""/game/20342"">View Game</a>"
341,341,MTL,FLA,20343,2023-11-30,"<a href=""/game/20343"">View Game</a>"
342,342,PHI,N.J,20344,2023-11-30,"<a href=""/game/20344"">View Game</a>"
343,343,T.B,PIT,20345,2023-11-30,"<a href=""/game/20345"">View Game</a>"
344,344,TOR,SEA,20346,2023-11-30,"<a href=""/game/20346"">View Game</a>"
345,345,CAR,NYI,20341,2023-11-30,"<a href=""/game/20341"">View Game</a>"
346,346,NSH,MIN,20347,2023-11-30,"<a href=""/game/20347"">View Game</a>"
347,347,STL,BUF,20348,2023-11-30,"<a href=""/game/20348"">View Game</a>"
348,348,WPG,EDM,20349,2023-11-30,"<a href=""/game/20349"">View Game</a>"
349,349,ARI,COL,20350,2023-11-30,"<a href=""/game/20350"">View Game</a>"
350,350,CGY,DAL,20351,2023-11-30,"<a href=""/game/20351"">View Game</a>"
351,351,ANA,WSH,20352,2023-11-30,"<a href=""/game/20352"">View Game</a>"
352,352,VAN,VGK,20353,2023-11-30,"<a href=""/game/20353"">View Game</a>"
353,353,CBJ,OTT,20354,2023-12-01,"<a href=""/game/20354"">View Game</a>"
354,354,N.J,S.J,20355,2023-12-01,"<a href=""/game/20355"">View Game</a>"
355,355,DAL,T.B,20356,2023-12-02,"<a href=""/game/20356"">View Game</a>"
356,356,WPG,CHI,20357,2023-12-02,"<a href=""/game/20357"">View Game</a>"
357,357,NSH,NYR,20358,2023-12-02,"<a href=""/game/20358"">View Game</a>"
358,358,FLA,NYI,20359,2023-12-02,"<a href=""/game/20359"">View Game</a>"
359,359,CAR,BUF,20360,2023-12-02,"<a href=""/game/20360"">View Game</a>"
360,360,MTL,DET,20361,2023-12-02,"<a href=""/game/20361"">View Game</a>"
361,361,OTT,SEA,20362,2023-12-02,"<a href=""/game/20362"">View Game</a>"
362,362,PIT,PHI,20363,2023-12-02,"<a href=""/game/20363"">View Game</a>"
363,363,TOR,BOS,20364,2023-12-02,"<a href=""/game/20364"">View Game</a>"
364,364,ARI,STL,20365,2023-12-02,"<a href=""/game/20365"">View Game</a>"
365,365,ANA,COL,20366,2023-12-02,"<a href=""/game/20366"">View Game</a>"
366,366,CGY,VAN,20367,2023-12-02,"<a href=""/game/20367"">View Game</a>"
367,367,VGK,WSH,20368,2023-12-02,"<a href=""/game/20368"">View Game</a>"
368,368,MIN,CHI,20369,2023-12-03,"<a href=""/game/20369"">View Game</a>"
369,369,NYR,S.J,20370,2023-12-03,"<a href=""/game/20370"">View Game</a>"
370,370,BOS,CBJ,20371,2023-12-03,"<a href=""/game/20371"">View Game</a>"
371,371,BUF,NSH,20372,2023-12-03,"<a href=""/game/20372"">View Game</a>"
372,372,L.A,COL,20373,2023-12-03,"<a href=""/game/20373"">View Game</a>"
373,373,PHI,PIT,20374,2023-12-04,"<a href=""/game/20374"">View Game</a>"
374,374,T.B,DAL,20375,2023-12-04,"<a href=""/game/20375"">View Game</a>"
375,375,MTL,SEA,20376,2023-12-04,"<a href=""/game/20376"">View Game</a>"
376,376,WPG,CAR,20377,2023-12-04,"<a href=""/game/20377"">View Game</a>"
377,377,ARI,WSH,20378,2023-12-04,"<a href=""/game/20378"">View Game</a>"
378,378,VGK,STL,20379,2023-12-04,"<a href=""/game/20379"">View Game</a>"
379,379,CBJ,L.A,20381,2023-12-05,"<a href=""/game/20381"">View Game</a>"
380,380,OTT,NYR,20382,2023-12-05,"<a href=""/game/20382"">View Game</a>"
381,381,BUF,DET,20380,2023-12-05,"<a href=""/game/20380"">View Game</a>"
382,382,NYI,S.J,20383,2023-12-05,"<a href=""/game/20383"">View Game</a>"
383,383,CHI,NSH,20384,2023-12-05,"<a href=""/game/20384"">View Game</a>"
384,384,CGY,MIN,20385,2023-12-05,"<a href=""/game/20385"">View Game</a>"
385,385,COL,ANA,20386,2023-12-05,"<a href=""/game/20386"">View Game</a>"
386,386,VAN,N.J,20387,2023-12-05,"<a href=""/game/20387"">View Game</a>"
387,387,FLA,DAL,20388,2023-12-06,"<a href=""/game/20388"">View Game</a>"
388,388,T.B,PIT,20389,2023-12-06,"<a href=""/game/20389"">View Game</a>"
389,389,STL,VGK,20390,2023-12-06,"<a href=""/game/20390"">View Game</a>"
390,390,EDM,CAR,20391,2023-12-06,"<a href=""/game/20391"">View Game</a>"
391,391,BOS,BUF,20392,2023-12-07,"<a href=""/game/20392"">View Game</a>"
392,392,DET,S.J,20393,2023-12-07,"<a href=""/game/20393"">View Game</a>"
393,393,MTL,L.A,20394,2023-12-07,"<a href=""/game/20394"">View Game</a>"
394,394,OTT,TOR,20395,2023-12-07,"<a href=""/game/20395"">View Game</a>"
395,395,NYI,CBJ,20397,2023-12-07,"<a href=""/game/20397"">View Game</a>"
396,396,WSH,DAL,20396,2023-12-07,"<a href=""/game/20396"">View Game</a>"
397,397,NSH,T.B,20398,2023-12-07,"<a href=""/game/20398"">View Game</a>"
398,398,CHI,ANA,20399,2023-12-07,"<a href=""/game/20399"">View Game</a>"
399,399,ARI,PHI,20400,2023-12-07,"<a href=""/game/20400"">View Game</a>"
400,400,CGY,CAR,20401,2023-12-07,"<a href=""/game/20401"">View Game</a>"
401,401,COL,WPG,20402,2023-12-07,"<a href=""/game/20402"">View Game</a>"
402,402,VAN,MIN,20404,2023-12-07,"<a href=""/game/20404"">View Game</a>"
403,403,SEA,N.J,20403,2023-12-07,"<a href=""/game/20403"">View Game</a>"
404,404,CBJ,STL,20405,2023-12-08,"<a href=""/game/20405"">View Game</a>"
405,405,FLA,PIT,20406,2023-12-08,"<a href=""/game/20406"">View Game</a>"
406,406,EDM,MIN,20407,2023-12-08,"<a href=""/game/20407"">View Game</a>"
407,407,BOS,ARI,20408,2023-12-09,"<a href=""/game/20408"">View Game</a>"
408,408,CGY,N.J,20409,2023-12-09,"<a href=""/game/20409"">View Game</a>"
409,409,DAL,VGK,20410,2023-12-09,"<a href=""/game/20410"">View Game</a>"
410,410,BUF,MTL,20411,2023-12-09,"<a href=""/game/20411"">View Game</a>"
411,411,DET,OTT,20412,2023-12-09,"<a href=""/game/20412"">View Game</a>"
412,412,TOR,NSH,20413,2023-12-09,"<a href=""/game/20413"">View Game</a>"
413,413,WSH,NYR,20414,2023-12-09,"<a href=""/game/20414"">View Game</a>"
414,414,NYI,L.A,20415,2023-12-09,"<a href=""/game/20415"">View Game</a>"
415,415,CHI,STL,20416,2023-12-09,"<a href=""/game/20416"">View Game</a>"
416,416,COL,PHI,20417,2023-12-09,"<a href=""/game/20417"">View Game</a>"
417,417,SEA,T.B,20418,2023-12-09,"<a href=""/game/20418"">View Game</a>"
418,418,VAN,CAR,20419,2023-12-09,"<a href=""/game/20419"">View Game</a>"
419,419,CBJ,FLA,20420,2023-12-10,"<a href=""/game/20420"">View Game</a>"
420,420,EDM,N.J,20421,2023-12-10,"<a href=""/game/20421"">View Game</a>"
421,421,CHI,WSH,20422,2023-12-10,"<a href=""/game/20422"">View Game</a>"
422,422,MTL,NSH,20423,2023-12-10,"<a href=""/game/20423"">View Game</a>"
423,423,NYR,L.A,20424,2023-12-10,"<a href=""/game/20424"">View Game</a>"
424,424,ANA,WPG,20425,2023-12-10,"<a href=""/game/20425"">View Game</a>"
425,425,SEA,MIN,20426,2023-12-10,"<a href=""/game/20426"">View Game</a>"
426,426,VGK,S.J,20427,2023-12-10,"<a href=""/game/20427"">View Game</a>"
427,427,BUF,ARI,20428,2023-12-11,"<a href=""/game/20428"">View Game</a>"
428,428,NYI,TOR,20429,2023-12-11,"<a href=""/game/20429"">View Game</a>"
429,429,DAL,DET,20430,2023-12-11,"<a href=""/game/20430"">View Game</a>"
430,430,COL,CGY,20431,2023-12-11,"<a href=""/game/20431"">View Game</a>"
431,431,NYR,TOR,20432,2023-12-12,"<a href=""/game/20432"">View Game</a>"
432,432,OTT,CAR,20433,2023-12-12,"<a href=""/game/20433"">View Game</a>"
433,433,PIT,ARI,20434,2023-12-12,"<a href=""/game/20434"">View Game</a>"
434,434,STL,DET,20436,2023-12-12,"<a href=""/game/20436"">View Game</a>"
435,435,NSH,PHI,20435,2023-12-12,"<a href=""/game/20435"">View Game</a>"
436,436,EDM,CHI,20437,2023-12-12,"<a href=""/game/20437"">View Game</a>"
437,437,SEA,FLA,20438,2023-12-12,"<a href=""/game/20438"">View Game</a>"
438,438,VAN,T.B,20439,2023-12-12,"<a href=""/game/20439"">View Game</a>"
439,439,VGK,CGY,20440,2023-12-12,"<a href=""/game/20440"">View Game</a>"
440,440,S.J,WPG,20441,2023-12-12,"<a href=""/game/20441"">View Game</a>"
441,441,MTL,PIT,20442,2023-12-13,"<a href=""/game/20442"">View Game</a>"
442,442,N.J,BOS,20443,2023-12-13,"<a href=""/game/20443"">View Game</a>"
443,443,NYI,ANA,20444,2023-12-13,"<a href=""/game/20444"">View Game</a>"
444,444,COL,BUF,20445,2023-12-13,"<a href=""/game/20445"">View Game</a>"
445,445,L.A,WPG,20446,2023-12-13,"<a href=""/game/20446"">View Game</a>"
446,446,PHI,WSH,20448,2023-12-14,"<a href=""/game/20448"">View Game</a>"
447,447,TOR,CBJ,20449,2023-12-14,"<a href=""/game/20449"">View Game</a>"
448,448,DET,CAR,20447,2023-12-14,"<a href=""/game/20447"">View Game</a>"
449,449,MIN,CGY,20450,2023-12-14,"<a href=""/game/20450"">View Game</a>"
450,450,STL,OTT,20451,2023-12-14,"<a href=""/game/20451"">View Game</a>"
451,451,EDM,T.B,20452,2023-12-14,"<a href=""/game/20452"">View Game</a>"
452,452,SEA,CHI,20453,2023-12-14,"<a href=""/game/20453"">View Game</a>"
453,453,VAN,FLA,20454,2023-12-14,"<a href=""/game/20454"">View Game</a>"
454,454,NYR,ANA,20456,2023-12-15,"<a href=""/game/20456"">View Game</a>"
455,455,CAR,NSH,20455,2023-12-15,"<a href=""/game/20455"">View Game</a>"
456,456,NYI,BOS,20457,2023-12-15,"<a href=""/game/20457"">View Game</a>"
457,457,DAL,OTT,20458,2023-12-15,"<a href=""/game/20458"">View Game</a>"
458,458,ARI,S.J,20459,2023-12-15,"<a href=""/game/20459"">View Game</a>"
459,459,VGK,BUF,20460,2023-12-15,"<a href=""/game/20460"">View Game</a>"
460,460,MIN,VAN,20461,2023-12-16,"<a href=""/game/20461"">View Game</a>"
461,461,BOS,NYR,20462,2023-12-16,"<a href=""/game/20462"">View Game</a>"
462,462,CBJ,N.J,20463,2023-12-16,"<a href=""/game/20463"">View Game</a>"
463,463,MTL,NYI,20464,2023-12-16,"<a href=""/game/20464"">View Game</a>"
464,464,PHI,DET,20465,2023-12-16,"<a href=""/game/20465"">View Game</a>"
465,465,TOR,PIT,20466,2023-12-16,"<a href=""/game/20466"">View Game</a>"
466,466,WPG,COL,20467,2023-12-16,"<a href=""/game/20467"">View Game</a>"
467,467,NSH,WSH,20468,2023-12-16,"<a href=""/game/20468"">View Game</a>"
468,468,STL,DAL,20469,2023-12-16,"<a href=""/game/20469"">View Game</a>"
469,469,ARI,BUF,20470,2023-12-16,"<a href=""/game/20470"">View Game</a>"
470,470,CGY,T.B,20471,2023-12-16,"<a href=""/game/20471"">View Game</a>"
471,471,EDM,FLA,20472,2023-12-16,"<a href=""/game/20472"">View Game</a>"
472,472,SEA,L.A,20473,2023-12-16,"<a href=""/game/20473"">View Game</a>"
473,473,CHI,VAN,20474,2023-12-17,"<a href=""/game/20474"">View Game</a>"
474,474,CAR,WSH,20475,2023-12-17,"<a href=""/game/20475"">View Game</a>"
475,475,N.J,ANA,20476,2023-12-17,"<a href=""/game/20476"">View Game</a>"
476,476,COL,S.J,20477,2023-12-17,"<a href=""/game/20477"">View Game</a>"
477,477,VGK,OTT,20478,2023-12-17,"<a href=""/game/20478"">View Game</a>"
478,478,DET,ANA,20479,2023-12-18,"<a href=""/game/20479"">View Game</a>"
479,479,PIT,MIN,20480,2023-12-18,"<a href=""/game/20480"">View Game</a>"
480,480,WPG,MTL,20481,2023-12-18,"<a href=""/game/20481"">View Game</a>"
481,481,DAL,SEA,20482,2023-12-18,"<a href=""/game/20482"">View Game</a>"
482,482,CGY,FLA,20483,2023-12-18,"<a href=""/game/20483"">View Game</a>"
483,483,BOS,MIN,20484,2023-12-19,"<a href=""/game/20484"">View Game</a>"
484,484,BUF,CBJ,20485,2023-12-19,"<a href=""/game/20485"">View Game</a>"
485,485,CAR,VGK,20486,2023-12-19,"<a href=""/game/20486"">View Game</a>"
486,486,N.J,PHI,20487,2023-12-19,"<a href=""/game/20487"">View Game</a>"
487,487,T.B,STL,20488,2023-12-19,"<a href=""/game/20488"">View Game</a>"
488,488,TOR,NYR,20489,2023-12-19,"<a href=""/game/20489"">View Game</a>"
489,489,NYI,EDM,20490,2023-12-19,"<a href=""/game/20490"">View Game</a>"
490,490,NSH,VAN,20491,2023-12-19,"<a href=""/game/20491"">View Game</a>"
491,491,CHI,COL,20492,2023-12-19,"<a href=""/game/20492"">View Game</a>"
492,492,ARI,OTT,20493,2023-12-19,"<a href=""/game/20493"">View Game</a>"
493,493,S.J,L.A,20494,2023-12-19,"<a href=""/game/20494"">View Game</a>"
494,494,WPG,DET,20495,2023-12-20,"<a href=""/game/20495"">View Game</a>"
495,495,WSH,NYI,20496,2023-12-20,"<a href=""/game/20496"">View Game</a>"
496,496,L.A,SEA,20497,2023-12-20,"<a href=""/game/20497"">View Game</a>"
497,497,BUF,TOR,20498,2023-12-21,"<a href=""/game/20498"">View Game</a>"
498,498,CBJ,WSH,20499,2023-12-21,"<a href=""/game/20499"">View Game</a>"
499,499,FLA,STL,20500,2023-12-21,"<a href=""/game/20500"">View Game</a>"
500,500,PHI,NSH,20502,2023-12-21,"<a href=""/game/20502"">View Game</a>"
501,501,PIT,CAR,20503,2023-12-21,"<a href=""/game/20503"">View Game</a>"
502,502,T.B,VGK,20504,2023-12-21,"<a href=""/game/20504"">View Game</a>"
503,503,N.J,EDM,20501,2023-12-21,"<a href=""/game/20501"">View Game</a>"
504,504,DAL,VAN,20505,2023-12-21,"<a href=""/game/20505"">View Game</a>"
505,505,MIN,MTL,20506,2023-12-21,"<a href=""/game/20506"">View Game</a>"
506,506,COL,OTT,20507,2023-12-21,"<a href=""/game/20507"">View Game</a>"
507,507,ANA,CGY,20508,2023-12-21,"<a href=""/game/20508"">View Game</a>"
508,508,S.J,ARI,20509,2023-12-21,"<a href=""/game/20509"">View Game</a>"
509,509,DET,PHI,20510,2023-12-22,"<a href=""/game/20510"">View Game</a>"
510,510,NYR,EDM,20511,2023-12-22,"<a href=""/game/20511"">View Game</a>"
511,511,WPG,BOS,20512,2023-12-22,"<a href=""/game/20512"">View Game</a>"
512,512,CHI,MTL,20513,2023-12-22,"<a href=""/game/20513"">View Game</a>"
513,513,NSH,DAL,20515,2023-12-23,"<a href=""/game/20515"">View Game</a>"
514,514,FLA,VGK,20514,2023-12-23,"<a href=""/game/20514"">View Game</a>"
515,515,CBJ,TOR,20517,2023-12-23,"<a href=""/game/20517"">View Game</a>"
516,516,MIN,BOS,20518,2023-12-23,"<a href=""/game/20518"">View Game</a>"
517,517,N.J,DET,20519,2023-12-23,"<a href=""/game/20519"">View Game</a>"
518,518,OTT,PIT,20520,2023-12-23,"<a href=""/game/20520"">View Game</a>"
519,519,WSH,T.B,20521,2023-12-23,"<a href=""/game/20521"">View Game</a>"
520,520,CAR,NYI,20516,2023-12-23,"<a href=""/game/20516"">View Game</a>"
521,521,NYR,BUF,20522,2023-12-23,"<a href=""/game/20522"">View Game</a>"
522,522,ANA,SEA,20523,2023-12-23,"<a href=""/game/20523"">View Game</a>"
523,523,STL,CHI,20524,2023-12-23,"<a href=""/game/20524"">View Game</a>"
524,524,COL,ARI,20525,2023-12-23,"<a href=""/game/20525"">View Game</a>"
525,525,L.A,CGY,20526,2023-12-23,"<a href=""/game/20526"">View Game</a>"
526,526,VAN,S.J,20527,2023-12-23,"<a href=""/game/20527"">View Game</a>"
